{"cameraMode":{"drawMode":0,"name":"Shaded","section":"Shading Mode"},"sceneLighting":true,"audioPlay":false,"sceneViewState":{"showFog":true,"showMaterialUpdate":false,"showSkybox":true,"showFlares":true,"showImageEffects":true,"showParticleSystems":true},"in2DMode":false,"pivot":{"x":2.9668846130371095,"y":-2.3940317630767824,"z":2.753265380859375},"rotation":{"x":0.22046975791454316,"y":0.4523404836654663,"z":-0.11646581441164017,"w":0.8562822937965393},"size":35.49911880493164,"orthographic":false}