{"cameraMode":{"drawMode":0,"name":"Shaded","section":"Shading Mode"},"sceneLighting":true,"audioPlay":false,"sceneViewState":{"showFog":true,"showMaterialUpdate":false,"showSkybox":true,"showFlares":true,"showImageEffects":true,"showParticleSystems":true},"in2DMode":false,"pivot":{"x":3.31424880027771,"y":-0.7404193878173828,"z":5.315505504608154},"rotation":{"x":0.3630032539367676,"y":0.31202566623687746,"z":-0.13045313954353333,"w":0.8682500123977661},"size":11.247557640075684,"orthographic":false}