{"cameraMode":{"drawMode":0,"name":"Shaded","section":"Shading Mode"},"sceneLighting":true,"audioPlay":false,"sceneViewState":{"showFog":true,"showMaterialUpdate":false,"showSkybox":true,"showFlares":true,"showImageEffects":true,"showParticleSystems":true},"in2DMode":false,"pivot":{"x":-1.617554783821106,"y":-4.277527809143066,"z":2.435014486312866},"rotation":{"x":0.4399096965789795,"y":-0.26974111795425417,"z":0.14043067395687104,"w":0.8449881672859192},"size":5.430729866027832,"orthographic":false}